id,first_name,last_name,country,product_name,gender,quantity
1,Ellary,Spolton,Thailand,"Cheese - Brie, Triple Creme",Male,1
2,Edy,Ciciura,Haiti,"Iced Tea - Lemon, 340ml",Female,2
3,Dominique,Haverson,Vietnam,Devonshire Cream,Agender,3
4,Valenka,Philipsen,Serbia,Pork - Bones,Agender,4
5,Ceciley,Vanezis,China,"Artichokes - Knobless, White",Agender,5
6,Putnem,Pichmann,Lesotho,Beer - Steamwhistle,Male,5
7,Lilah,Thorns,Albania,Muffin - Carrot Individual Wrap,Female,5
8,Esmeralda,Ritchard,Poland,Container Clear 8 Oz,Female,5
9,Steward,Tembey,China,Sausage - Liver,Male,5
10,Karissa,Bache,Russia,Prunes - Pitted,Female,5
11,Agata,Buckthorpe,Poland,Cookie Dough - Peanut Butter,Agender,5
12,Christa,Spottswood,Panama,Dried Figs,Female,5
13,Terza,Astill,Azerbaijan,"Wine - Red, Pelee Island Merlot",Female,5
14,Lonna,Harvett,France,"Crab - Blue, Frozen",Female,5
15,Lea,Goad,China,"Wine - White, Chardonnay",Genderqueer,5
16,Osborne,Leindecker,Germany,"Chilli Paste, Sambal Oelek",Male,5
17,Yolande,Crasford,Indonesia,Propel Sport Drink,Female,5
18,Nestor,Peyes,China,Carbonated Water - Raspberry,Genderfluid,5
19,Meredith,Chidler,France,"Wine - Bourgogne 2002, La",Female,5
20,Franky,Outhwaite,Philippines,Sobe - Berry Energy,Female,5
21,Kelli,Corneljes,China,Cocoa Feuilletine,Female,5
22,Josie,Marthen,Indonesia,Shrimp - Tiger 21/25,Female,5
23,Nap,Senett,Denmark,Chives - Fresh,Male,5
24,Kaleena,Badcock,China,Extract - Rum,Female,5
25,Selby,Gratrex,Iran,Cup - Paper 10oz 92959,Non-binary,5
26,Peri,Brannan,Poland,Cheese - Cream Cheese,Female,5
27,Marie-jeanne,Huniwall,Colombia,"Sauce - Apple, Unsweetened",Female,5
28,Georgiana,Bridgewood,Portugal,Blue Curacao - Marie Brizard,Female,5
29,Bentley,Leupold,Latvia,"Wine - Red, Pinot Noir, Chateau",Male,5
30,Hurley,Wanjek,Indonesia,Smoked Tongue,Male,5
31,Ally,Escoffier,Brazil,"Shrimp - Baby, Warm Water",Female,5
32,Chariot,Ragborne,China,Energy Drink,Agender,5
33,Mel,Orehead,Indonesia,Compound - Pear,Male,5
34,Clo,Giffen,Russia,Bay Leaf Ground,Female,5
35,Guido,Whacket,Indonesia,Wine - Ruffino Chianti,Male,5
36,Sherwynd,Bielefeld,Botswana,Lettuce - Iceberg,Male,5
37,Errol,Merrywether,France,Ice Cream - Life Savers,Male,5
38,Hunter,Reinbach,Japan,Steam Pan - Half Size Deep,Male,5
39,Farica,Alessandrucci,Poland,Truffle Cups Green,Female,5
40,Dulcine,Gerrell,China,Wine - Cava Aria Estate Brut,Female,5
41,Felicle,Hallgate,Madagascar,Table Cloth 144x90 White,Genderfluid,5
42,Flossie,Gentric,Indonesia,Beans - Fine,Female,5
43,Theodor,Luckie,Czech Republic,Flour Dark Rye,Male,5
44,Neilla,Chimienti,Cameroon,Sachet,Female,5
45,Ronica,Bruhnke,China,"Apple - Delicious, Golden",Female,5
46,Kandace,Ivanikhin,Sweden,Salmon Atl.whole 8 - 10 Lb,Female,5
47,Angele,Jore,Brazil,Bag - Regular Kraft 20 Lb,Female,5
48,Gardie,Colclough,Japan,Bread - Crusty Italian Poly,Male,5
49,Win,Iacovelli,Afghanistan,Wine - Spumante Bambino White,Male,5
50,Clint,Yendle,China,Red Currants,Male,5
51,Pavel,Janak,Argentina,"Pork - Bacon,back Peameal",Male,5
52,Xaviera,Burland,Japan,"Bar Mix - Pina Colada, 355 Ml",Female,5
53,Joseito,Marchiso,Greece,Cups 10oz Trans,Genderfluid,5
54,Angus,Sinnock,China,"Pepper - Black, Whole",Agender,5
55,Sheila-kathryn,Agget,Armenia,Tandoori Curry Paste,Female,5
56,Gib,Peltz,Portugal,Crab - Soft Shell,Male,5
57,Berna,Amburgy,Cuba,"Wine - Red, Metus Rose",Female,5
58,Erroll,Idney,Serbia,Cream Of Tartar,Male,5
59,Rodge,Klainer,Ukraine,Wine - Fume Blanc Fetzer,Male,5
60,Adrian,Jeste,Russia,Shrimp - Prawn,Male,5
61,Ximenez,Tilley,France,Appetizer - Mushroom Tart,Male,5
62,Margarita,Raccio,Philippines,Sherbet - Raspberry,Female,5
63,Penelope,Seago,Poland,Wine - Hardys Bankside Shiraz,Female,5
64,Sigmund,Massie,Belgium,Parsnip,Male,5
65,Ellswerth,Klessmann,China,Soup Campbells Turkey Veg.,Male,5
66,Andre,MacIntyre,Indonesia,Sponge Cake Mix - Chocolate,Male,5
67,Augustine,Engledow,Peru,Sausage - Meat,Male,5
68,Enid,Shildrake,Indonesia,Pepper - Gypsy Pepper,Female,5
69,Abey,Giacobilio,Brazil,Coconut - Whole,Male,5
70,Inglebert,Coppo,Botswana,Tea - Herbal I Love Lemon,Male,5
71,Celestia,Hallard,Netherlands,Cheese - Gouda,Female,5
72,Torey,Drury,South Korea,"Apple - Delicious, Golden",Female,5
73,Dyane,Melville,Argentina,Energy Drink,Female,5
74,Lesya,Ridewood,Indonesia,Edible Flower - Mixed,Female,5
75,Tim,Fidilis,Cyprus,Tahini Paste,Genderqueer,5
76,Alia,Castelyn,China,"Roe - Lump Fish, Black",Female,5
77,Juan,Blees,Syria,Puree - Blackcurrant,Male,5
78,Wayland,Mitcheson,Indonesia,Plate Pie Foil,Male,5
79,Agnesse,Ollerhead,Poland,Sunflower Seed Raw,Female,5
80,Ogdan,Carlton,France,Quiche Assorted,Male,5
81,Dante,Farrah,Ireland,Mace Ground,Genderqueer,5
82,Sheilakathryn,Oxlade,Indonesia,Coffee Decaf Colombian,Female,5
83,Paxon,Noriega,Sri Lanka,Dawn Professionl Pot And Pan,Male,5
84,Juliet,Schruur,Japan,"Soup - Campbells, Lentil",Female,5
85,Mirilla,Bufton,Argentina,"Pepper - Black, Ground",Female,5
86,Roanna,Cayet,Brazil,Apples - Sliced / Wedge,Female,5
87,Ailey,Vizor,United Kingdom,Goat - Whole Cut,Female,5
88,Bev,Burnyeat,United States,"Juice - Pineapple, 48 Oz",Male,5
89,Toddy,Molian,Indonesia,Sprouts - Alfalfa,Male,5
90,Hillyer,Duffin,Albania,Pants Custom Dry Clean,Male,5
91,Inga,Henke,Peru,Muffin - Banana Nut Individual,Female,5
92,Flss,Bibb,Honduras,English Muffin,Female,5
93,Vilma,Jelf,Colombia,Compound - Raspberry,Female,5
94,Orbadiah,Cleatherow,Portugal,Bread - Crusty Italian Poly,Male,5
95,Bron,Geyton,Australia,Capon - Whole,Male,5
96,Vick,Tavernor,Indonesia,Chickhen - Chicken Phyllo,Male,5
97,Randall,Woodstock,Greece,"Chicken - Breast, 5 - 7 Oz",Male,5
98,Cherin,Peter,Indonesia,Rambutan,Female,5
99,Herbert,Gibbie,Poland,Coffee - Ristretto Coffee Capsule,Male,5
100,Bryant,Billyeald,China,Wine - Cotes Du Rhone Parallele,Male,5
101,Marchelle,Surman-Wells,China,Smirnoff Green Apple Twist,Female,5
102,Ambros,MacKall,Russia,Brandy Apricot,Male,5
103,Betti,Gajownik,Indonesia,Energy Drink - Redbull 355ml,Female,5
104,Beulah,Ovendon,Czech Republic,"Pork - Bacon, Sliced",Female,5
105,Renault,Dingate,Indonesia,Yukon Jack,Male,5
106,Sara-ann,Dict,Czech Republic,"Split Peas - Green, Dry",Female,5
107,Virgie,Quinet,France,"Tart Shells - Savory, 3",Agender,5
108,Pennie,Rosettini,Myanmar,Plastic Wrap,Male,5
109,Emmie,Gossling,China,Melon - Watermelon Yellow,Female,5
110,Riannon,Oldred,Zambia,Potatoes - Idaho 100 Count,Bigender,5
111,Cary,Henrie,United States,Stock - Fish,Female,5
112,Ame,Speek,China,Bacon Strip Precooked,Female,5
113,Emalia,Bernaciak,Indonesia,Muffin - Mix - Strawberry Rhubarb,Female,5
114,Teresita,MacLure,Finland,Spinach - Frozen,Female,5
115,Granville,Fridaye,Philippines,"Crab - Claws, Snow 16 - 24",Male,5
116,Betteanne,Lindborg,Iran,Trout - Smoked,Female,5
117,Galven,Sawnwy,Philippines,Longan,Male,5
118,Melanie,Sandle,Poland,Ice Cream Bar - Oreo Cone,Female,5
119,Cristobal,Riccardi,Brazil,Plums - Red,Male,5
120,Andrey,Cato,China,Magnotta - Bel Paese White,Male,5
121,Alexandra,Christophle,Russia,Limes,Female,5
122,Dill,Mapplebeck,Peru,"Marsala - Sperone, Fine, D.o.c.",Male,5
123,Sandye,Morgue,Philippines,Sprouts - Onion,Female,5
124,Mitchel,Rigeby,Indonesia,Cookies - Englishbay Wht,Male,5
125,Bjorn,Gotliffe,Greece,Cookie Dough - Chocolate Chip,Male,5
126,Roth,Curneen,China,"Cod - Salted, Boneless",Male,5
127,Darin,Kempstone,China,Ezy Change Mophandle,Male,5
128,Danielle,Parlour,China,The Pop Shoppe - Root Beer,Female,5
129,Robbi,Bediss,Belarus,Wine - Conde De Valdemar,Female,5
130,Guido,Scotts,Brazil,"Beef - Ground, Extra Lean, Fresh",Male,5
131,Reade,Wingrove,Russia,General Purpose Trigger,Polygender,5
132,Alfi,Boothroyd,Indonesia,Chicken - Livers,Female,5
133,Brinna,Carnall,Pakistan,Beans - Wax,Female,5
134,Laney,Troillet,United States,Crawfish,Male,5
135,Valentijn,Couthard,Canada,Muffin - Bran Ind Wrpd,Male,5
136,Yalonda,Hambleton,China,"Oregano - Dry, Rubbed",Female,5
137,Freddy,Cruwys,Ukraine,Extract Vanilla Pure,Male,5
138,Hew,Scud,Finland,Mints - Striped Red,Male,5
139,Marquita,Isenor,Mongolia,Wine - Riesling Alsace Ac 2001,Female,5
140,Ashby,Cathrall,Serbia,Sauce - Sesame Thai Dressing,Polygender,5
141,Dmitri,Tomenson,Poland,Cup - Translucent 7 Oz Clear,Male,5
142,Abraham,Quadri,Philippines,Juice - Apple 284ml,Male,5
143,Cinda,Seamer,China,Chocolate - Dark Callets,Female,5
144,Davis,Misselbrook,Brazil,"Wine - Red, Pinot Noir, Chateau",Male,5
145,Barney,Lotte,Malaysia,Peas - Frozen,Male,5
146,Glynda,Sebrook,China,Clam - Cherrystone,Female,5
147,Mose,Birchwood,Indonesia,Beef - Salted,Male,5
148,Sasha,Tayt,Mexico,Crackers - Melba Toast,Male,5
149,Rhianna,Forlong,Portugal,Straw - Regular,Female,5
150,Courtnay,Bilborough,Portugal,Ecolab - Hobart Washarm End Cap,Male,5
151,Gris,Rushsorth,Indonesia,"Beef - Tongue, Fresh",Male,5
152,Pearce,Towey,Bosnia and Herzegovina,"Lobster - Tail, 3 - 4 Oz",Male,5
153,Jordan,Fleay,Brazil,Noodles - Steamed Chow Mein,Bigender,5
154,Dulsea,Tubble,Philippines,"Nut - Chestnuts, Whole",Agender,5
155,Dionisio,Chinn,Russia,Lamb - Rack,Male,5
156,Leigh,Thominga,Canada,Dc - Frozen Momji,Male,5
157,Farica,Trinkwon,Brazil,Carbonated Water - Peach,Female,5
158,Manfred,De Simone,Poland,"Chicken - Wings, Tip Off",Agender,5
159,Colman,Dilleway,Peru,Lid Tray - 12in Dome,Male,5
160,Nikki,MacDavitt,United States,"Bread - Multigrain, Loaf",Female,5
161,Gearard,Gomm,China,"Juice - Orange, 341 Ml",Male,5
162,Lanie,Cromar,Thailand,Smoked Paprika,Male,5
163,Mitch,Duiged,Indonesia,Gatorade - Lemon Lime,Male,5
164,Morten,Aers,Portugal,Onions Granulated,Male,5
165,Gardie,Sambles,Japan,Broom - Push,Male,5
166,Corrianne,Paulon,Indonesia,Tamarind Paste,Female,5
167,Bryn,Jeduch,Indonesia,Scallop - St. Jaques,Female,5
168,Angie,Gibbons,China,Wine - Segura Viudas Aria Brut,Female,5
169,Zechariah,Domenico,China,Ham Black Forest,Male,5
170,Joshia,Ferrone,Indonesia,"Veal - Chops, Split, Frenched",Male,5
171,Shawnee,Fowgies,Japan,Red Currants,Female,5
172,Urbanus,Bernadon,Indonesia,Island Oasis - Sweet And Sour Mix,Non-binary,5
173,Issi,Wooffitt,Cuba,"Olives - Black, Pitted",Female,5
174,Orin,Steers,Czech Republic,Dragon Fruit,Agender,5
175,Russell,Fayerbrother,Poland,Cleaner - Pine Sol,Male,5
176,Ken,Mallender,Czech Republic,Wine - Champagne Brut Veuve,Male,5
177,Andy,Wooffitt,China,Banana - Leaves,Male,5
178,Lonnie,Millhouse,Bangladesh,Plums - Red,Female,5
179,Alika,Mac,Poland,Maple Syrup,Female,5
180,Shandee,Deroche,Greece,"Tomatoes - Vine Ripe, Yellow",Female,5
181,Hernando,Skrines,Indonesia,Rice Wine - Aji Mirin,Male,5
182,Kipp,Male,China,Cake - Miini Cheesecake Cherry,Male,5
183,Bev,Maillard,Bulgaria,"Soup - Cream Of Broccoli, Dry",Male,5
184,Bartholomeo,Hirsthouse,United States,Trout Rainbow Whole,Male,5
185,Eli,Paulot,China,"Nut - Cashews, Whole, Raw",Male,5
186,Weber,Becaris,Croatia,"Pepsi - Diet, 355 Ml",Male,5
187,Cecilius,Garfit,China,Bread - English Muffin,Male,5
188,Tybi,Jansa,Finland,Pastry - Chocolate Chip Muffin,Female,5
189,Dwain,Terese,Malaysia,Wine - Rioja Campo Viejo,Male,5
190,Ferrel,Backs,Poland,Pie Shells 10,Male,5
191,Markus,von Hagt,Morocco,"Sparkling Wine - Rose, Freixenet",Male,5
192,Joy,Van den Velde,Indonesia,"Yogurt - Banana, 175 Gr",Female,5
193,Cybill,Helks,Bolivia,"Hickory Smoke, Liquid",Female,5
194,Jerrie,Snoxall,China,Muffin Mix - Blueberry,Male,5
195,Koressa,Curmi,China,Jerusalem Artichoke,Bigender,5
196,Stanton,Braybrookes,Serbia,Dawn Professionl Pot And Pan,Bigender,5
197,Dannel,Percy,France,"Bread - Sticks, Thin, Plain",Male,5
198,Hilliard,Varndall,Peru,Kellogs All Bran Bars,Male,5
199,Cybill,Sancraft,Zambia,Milk - 2% 250 Ml,Female,5
200,Channa,Skuse,China,Milk Powder,Female,5
201,Reggis,Mordan,Japan,Cheese - Shred Cheddar / Mozza,Male,5
202,Frederica,MacCambridge,Bangladesh,Bols Melon Liqueur,Female,5
203,Chaddy,Goldstone,China,Goulash Seasoning,Male,5
204,Obadiah,Pickerill,China,Tofu - Soft,Male,5
205,Gayler,Crippell,Yemen,Beets - Golden,Male,5
206,Vicky,Meakes,Portugal,"Club Soda - Schweppes, 355 Ml",Female,5
207,Ladonna,Nezey,China,"Cheese - Mozzarella, Shredded",Female,5
208,Nora,Handrahan,Portugal,Lobster - Cooked,Female,5
209,Raimundo,Mathelon,Germany,"Pasta - Cannelloni, Sheets, Fresh",Male,5
210,Cristy,Duiged,China,Wine - Riesling Dr. Pauly,Female,5
211,Angy,Nibley,France,Pepper - Gypsy Pepper,Female,5
212,Parry,Geeson,China,Bagelers - Cinn / Brown Sugar,Male,5
213,Corbie,Gallemore,Russia,Soap - Hand Soap,Male,5
214,Patricia,Geal,Indonesia,Cloves - Ground,Female,5
215,Caryn,Kleinhausen,Netherlands,Pepper - Chilli Seeds Mild,Female,5
216,Margot,Solly,China,Cookies - Englishbay Oatmeal,Polygender,5
217,Pancho,Witter,Sweden,Table Cloth 54x54 White,Non-binary,5
218,Jamaal,Henrionot,France,Wine - Niagara Peninsula Vqa,Male,5
219,Claudina,Ellerey,China,Cheese - Augre Des Champs,Bigender,5
220,Libby,Tabourin,El Salvador,Lettuce - Curly Endive,Bigender,5
221,Coralie,Ferrer,Indonesia,Ham - Procutinni,Female,5
222,Viki,Avory,Indonesia,Carbonated Water - Lemon Lime,Female,5
223,Jerry,Trengrouse,Marshall Islands,"Wine - White, Riesling, Henry Of",Female,5
224,Gustaf,Manis,Russia,Wine - Chablis 2003 Champs,Non-binary,5
225,Juan,Ivanchenkov,China,Horseradish Root,Male,5
226,Libbey,Betjeman,Indonesia,Ham - Cooked,Non-binary,5
227,Joye,Jorck,China,Eel - Smoked,Female,5
228,Mike,Reen,Thailand,"Champagne - Brights, Dry",Male,5
229,Sascha,Sudran,Uzbekistan,Pork - Shoulder,Female,5
230,Shelley,Bewick,Poland,Ketchup - Tomato,Male,5
231,Jodee,Pilbury,China,Quail - Jumbo,Female,5
232,Osbourne,Dignon,Japan,The Pop Shoppe Pinapple,Male,5
233,Benedikta,Fosse,Panama,Ice Cream - Life Savers,Female,5
234,Derron,Surgeon,China,Bread - Olive Dinner Roll,Genderqueer,5
235,Catharine,McClaren,Peru,"Lamb - Whole, Fresh",Female,5
236,Kendall,Benbow,Cambodia,Arizona - Green Tea,Male,5
237,Millard,Barnfield,France,Wine - Pinot Noir Latour,Male,5
238,Marwin,Truesdale,Philippines,Bread Crumbs - Japanese Style,Bigender,5
239,Karry,Canto,Madagascar,French Pastries,Female,5
240,Renelle,Henze,Guatemala,Fruit Salad Deluxe,Female,5
241,Georgi,Antoszewski,Ukraine,"Crush - Grape, 355 Ml",Male,5
242,Jules,Reis,Indonesia,Pear - Halves,Male,5
243,Oralle,Azema,Mexico,Sea Bass - Whole,Female,5
244,Bat,Schenfisch,Haiti,Juice - Mango,Male,5
245,Phillis,Attridge,Sweden,Sauce - Plum,Female,5
246,Vasily,Gyrgorwicx,Armenia,Tomatoes - Orange,Male,5
247,Ashla,Stamper,Indonesia,Bread - Calabrese Baguette,Female,5
248,Tony,Eldered,Indonesia,Clam - Cherrystone,Male,5
249,Dennie,Schustl,France,Dried Figs,Female,5
250,Trudie,Stanmore,Uganda,Cake - French Pear Tart,Female,5
251,Conan,Lowbridge,France,Mushroom - Porcini Frozen,Male,5
252,Tiphany,Tarburn,Sweden,Extract - Lemon,Genderqueer,5
253,Ashley,Edmeades,China,"Mushroom - Trumpet, Dry",Male,5
254,Fabiano,Meneely,United States,"Nut - Pecan, Halves",Male,5
255,Vivian,Huggons,Philippines,Lamb - Sausage Casings,Female,5
256,Kylie,Duff,Sweden,Juice - V8 Splash,Male,5
257,Jodie,Escale,Indonesia,Pork - European Side Bacon,Male,5
258,Catharina,Smallcombe,Russia,Cake - Dulce De Leche,Female,5
259,Catina,Pitkaithly,Slovenia,Dc - Sakura Fu,Female,5
260,Solly,Marconi,Equatorial Guinea,Scallops - U - 10,Male,5
261,Fidel,Sowrah,Portugal,Wine - Rioja Campo Viejo,Male,5
262,Veda,Byrcher,China,"Soup - Campbells, Chix Gumbo",Female,5
263,Silvain,Espadater,Russia,Cheese - Valancey,Male,5
264,Melvyn,Fazackerley,Iran,Alize Sunset,Genderqueer,5
265,Jeremias,Kirk,Italy,Shrimp - Black Tiger 8 - 12,Male,5
266,Judith,Vernalls,Peru,Ham - Cooked,Female,5
267,Dulcy,Michel,Trinidad and Tobago,Coffee - Frthy Coffee Crisp,Female,5
268,Rozele,Cosgreave,Nigeria,"Wine - White, Schroder And Schyl",Female,5
269,Jilleen,Scarce,Philippines,Appetizer - Assorted Box,Polygender,5
270,Antonino,Konke,Yemen,Crab - Imitation Flakes,Male,5
271,Laetitia,Chatwood,Greece,Breadfruit,Female,5
272,Gwenni,Bicksteth,Poland,Cloves - Whole,Female,5
273,Horacio,Clinning,Portugal,Rice - Jasmine Sented,Male,5
274,Dore,Buffin,Jamaica,Rice - Sushi,Genderfluid,5
275,Annalee,Vane,Nigeria,Eel - Smoked,Female,5
276,Kaia,Gabbidon,China,Squid U5 - Thailand,Female,5
277,Brewer,Fassam,Slovenia,Lettuce - Sea / Sea Asparagus,Male,5
278,Devi,Sisson,Canada,Eggs - Extra Large,Female,5
279,Hasheem,Bickerdike,Philippines,Flour - Cake,Polygender,5
280,Ramon,Wilden,Indonesia,Bok Choy - Baby,Male,5
281,Selle,Chambers,Sweden,Soup Campbells - Tomato Bisque,Female,5
282,Olvan,Degoe,Japan,Papadam,Polygender,5
283,Oliviero,Potteridge,Russia,Initation Crab Meat,Male,5
284,Nicky,Peasee,Brazil,"Juice - Clamato, 341 Ml",Male,5
285,Dinny,Glasner,France,Soup - Campbells Beef Stew,Female,5
286,Evangelin,Retallack,Indonesia,Juice - Happy Planet,Female,5
287,Mariya,Tatershall,Cyprus,Wine - Niagara Peninsula Vqa,Female,5
288,Mame,Deeman,Ukraine,Cup - Paper 10oz 92959,Female,5
289,Wernher,Martignoni,France,Boogies,Male,5
290,Wendeline,Gulleford,China,Bok Choy - Baby,Female,5
291,Urbanus,Hardy-Piggin,China,"Chicken - Leg, Fresh",Male,5
292,Coop,Vaune,Belgium,"Rum - Coconut, Malibu",Male,5
293,Leela,Eul,Czech Republic,Appetizer - Escargot Puff,Female,5
294,Orlan,Weaving,Indonesia,Halibut - Steaks,Male,5
295,Abbye,Rowth,Philippines,Carbonated Water - Cherry,Female,5
296,Beniamino,Jzhakov,China,Fond - Neutral,Male,5
297,Emelen,Hamilton,China,Tumeric,Male,5
298,Irwinn,Sketch,Nigeria,Steam Pan - Half Size Deep,Male,5
299,Base,Bawcock,Indonesia,Beans - Fava Fresh,Male,5
300,Kerwin,Mindenhall,Pakistan,Wine - Savigny - Les - Beaune,Male,5
301,Lodovico,Binney,Spain,Wine - Pinot Noir Latour,Male,5
302,Tracee,Chipman,Poland,Pepsi - 600ml,Female,5
303,Torrie,Eltone,China,Tea - Decaf 1 Cup,Female,5
304,Elsy,Rishworth,China,Sobe - Liz Blizz,Female,5
305,Veronique,Gotthard.sf,Czech Republic,Soup - Campbells Mac N Cheese,Female,5
306,Andrei,Biagini,Czech Republic,"Sauce - Gravy, Au Jus, Mix",Female,5
307,Dickie,Barense,United States,Chocolate Bar - Smarties,Male,5
308,Fawn,Tattersall,Mexico,"Pasta - Fettuccine, Egg, Fresh",Female,5
309,Benita,Verty,Nicaragua,Tomatoes,Female,5
310,Kelbee,Triebner,China,Pancetta,Male,5
311,Lilllie,McTague,Guatemala,Nori Sea Weed,Genderqueer,5
312,Marlyn,Collman,Indonesia,Pasta - Fusili Tri - Coloured,Female,5
313,Binnie,Willcot,Argentina,Fond - Neutral,Female,5
314,Bronson,Puden,Azerbaijan,Beer - Mcauslan Apricot,Male,5
315,Tobe,Eich,Indonesia,"Basil - Primerba, Paste",Male,5
316,Philip,Heis,Ukraine,Soup Campbells - Tomato Bisque,Male,5
317,Aldon,Ride,China,"Beans - Kidney, Canned",Male,5
318,Stoddard,Durbyn,Poland,Gatorade - Orange,Bigender,5
319,Gertrud,Van der Son,Russia,"Jam - Raspberry,jar",Female,5
320,Kellie,Pomfrey,Russia,"Oregano - Dry, Rubbed",Female,5
321,My,Iorizzo,Thailand,Flour - Semolina,Agender,5
322,Kurtis,Epple,Sweden,Salt And Pepper Mix - White,Male,5
323,Bambi,Wabe,Philippines,Sambuca - Ramazzotti,Female,5
324,Natale,Collin,China,"Crab - Blue, Frozen",Male,5
325,Lotty,Marchington,Nigeria,Pea - Snow,Female,5
326,Rossie,Mongain,Sweden,Melon - Watermelon Yellow,Male,5
327,Con,Wivell,Honduras,Thyme - Fresh,Female,5
328,Demetri,Jiggle,France,Chocolate - Chips Compound,Male,5
329,Holt,Dillimore,China,Spring Roll Wrappers,Male,5
330,Seward,Collister,China,Swiss Chard - Red,Male,5
331,Kit,Maria,Peru,Sugar - Individual Portions,Male,5
332,Monroe,Dole,Nigeria,Bread - Onion Focaccia,Male,5
333,Christen,Musprat,China,Fondant - Icing,Female,5
334,Don,Nutley,Canada,Pastry - Mini French Pastries,Male,5
335,Florian,Bracknall,United States,Wine - Cabernet Sauvignon,Male,5
336,Edouard,Spirritt,Brazil,Toothpick Frilled,Male,5
337,Wilhelmine,Zelner,Indonesia,Squeeze Bottle,Female,5
338,Barny,Currall,Philippines,Food Colouring - Blue,Male,5
339,Earlie,Artis,Tanzania,Pastry - Plain Baked Croissant,Male,5
340,Krissy,Jervois,Sweden,Bread Base - Goodhearth,Female,5
341,Bennett,Aronovich,Bosnia and Herzegovina,Galliano,Male,5
342,Kent,Godball,Nigeria,Glass Clear 8 Oz,Agender,5
343,Osmond,Draye,China,Rosemary - Fresh,Male,5
344,Niles,Housecroft,Czech Republic,Glucose,Male,5
345,Nollie,Tomney,Poland,Flour - Pastry,Male,5
346,Haleigh,Maudsley,Sweden,Sugar - Cubes,Male,5
347,Roi,Jedrzejczyk,Poland,"Tomatoes - Vine Ripe, Yellow",Agender,5
348,Ned,Rowlings,Russia,Pasta - Cheese / Spinach Bauletti,Male,5
349,Allianora,Demer,Brazil,"Pasta - Lasagna, Dry",Female,5
350,Zola,Pinchback,Mozambique,Squash - Guords,Female,5
351,Gaston,Pyle,China,"Oil - Shortening,liqud, Fry",Male,5
352,Sergei,Van der Spohr,Poland,"Trout - Rainbow, Fresh",Male,5
353,Sibyl,Brewis,Indonesia,Danishes - Mini Raspberry,Male,5
354,Clevey,Knudsen,Philippines,Potatoes - Mini Red,Male,5
355,Abbie,Konzelmann,Japan,Wine - Niagara Peninsula Vqa,Male,5
356,Morris,Mackriell,China,Pork Ham Prager,Male,5
357,Angil,Lawther,China,Wine - Muscadet Sur Lie,Female,5
358,Lolly,Defries,Brazil,"Tortillas - Flour, 12",Female,5
359,Clotilda,Anthoin,Germany,"Pepper - Green, Chili",Female,5
360,Lemmie,Copson,Russia,Potatoes - Yukon Gold 5 Oz,Genderfluid,5
361,Elga,Boulder,Philippines,Sugar - Invert,Female,5
362,Ignacius,Hardisty,China,Chicken - Bones,Male,5
363,Martainn,Challinor,Mongolia,Alize Red Passion,Male,5
364,Jakob,Ege,Indonesia,Scallops - U - 10,Genderfluid,5
365,Nicky,Spurryer,Peru,Cleaner - Bleach,Non-binary,5
366,Sarajane,Traylen,Russia,Lemon Grass,Non-binary,5
367,Merv,Ebsworth,Philippines,Blackberries,Male,5
368,Griffy,Erratt,China,Chicken - White Meat With Tender,Male,5
369,Tallia,Leinster,Russia,Muffin Orange Individual,Female,5
370,Libbie,Wardhough,Bolivia,The Pop Shoppe - Grape,Female,5
371,Crawford,Ogglebie,Finland,Asparagus - Frozen,Male,5
372,Jamison,Haysey,Poland,Soup - French Can Pea,Male,5
373,Jaime,Wardhaw,Croatia,"Coconut - Creamed, Pure",Female,5
374,Vachel,Mapes,Brazil,"Pepsi, 355 Ml",Male,5
375,Chevalier,Munson,Honduras,Whmis - Spray Bottle Trigger,Genderqueer,5
376,Pet,Perot,Norway,Allspice - Jamaican,Female,5
377,Reuben,Stevings,Poland,Food Colouring - Pink,Male,5
378,Sherrie,Guyet,Brazil,"Lettuce - Mini Greens, Whole",Female,5
379,Tatum,Vicar,Brazil,Pork - Backfat,Female,5
380,Denni,McCaster,Venezuela,Loquat,Genderfluid,5
381,Ramona,Fielder,Brazil,"Beef - Chuck, Boneless",Female,5
382,Robers,Welford,Peru,Bag Clear 10 Lb,Male,5
383,Kleon,Georgi,China,Wine - Magnotta - Bel Paese White,Male,5
384,Osbourne,Bryett,Ukraine,Fondant - Icing,Male,5
385,Sutherland,Le Lievre,Indonesia,Potatoes - Peeled,Male,5
386,Fancie,Shepherdson,Iran,Duck - Breast,Female,5
387,Ryun,Dart,China,"Cheese - Cheddar, Medium",Male,5
388,Micheil,Ambage,China,Salmon - Sockeye Raw,Bigender,5
389,Nora,Hadgkiss,Morocco,Ecolab - Solid Fusion,Female,5
390,Etty,Doddemeede,France,"Rum - Coconut, Malibu",Female,5
391,Tommie,Marland,Spain,"Pork - Loin, Boneless",Male,5
392,Florella,Callender,China,"Water, Tap",Female,5
393,Delmer,Griffen,Philippines,Wine - Alsace Gewurztraminer,Male,5
394,Whitney,Copes,Norway,"Doilies - 5, Paper",Male,5
395,Mamie,Glave,Cuba,"Juice - Pineapple, 341 Ml",Female,5
396,Harriot,Chiommienti,Liberia,Mace,Female,5
397,Prisca,Willimott,Peru,Cup - Paper 10oz 92959,Agender,5
398,Norina,Spadeck,Czech Republic,Pan Grease,Female,5
399,Daffie,Kerwick,Malta,Sausage - Andouille,Female,5
400,Wilmette,Rispine,China,Red Cod Fillets - 225g,Female,5
401,Jess,Skyppe,China,Wine - Cava Aria Estate Brut,Male,5
402,Ali,Kirkbright,Mexico,Beans - Fine,Male,5
403,Zach,Trebble,Russia,"Tortillas - Flour, 10",Male,5
404,Cullen,Churn,China,Stainless Steel Cleaner Vision,Male,5
405,Kristy,Spinella,Tanzania,Muffin - Banana Nut Individual,Female,5
406,Garrek,Laurentino,Brazil,Puree - Raspberry,Male,5
407,Lorene,Goter,Japan,Flour - Cake,Female,5
408,Marita,Paintain,Finland,Lettuce - Escarole,Female,5
409,Daveta,Karlsen,Honduras,"Coconut - Creamed, Pure",Female,5
410,Taite,Kindon,Poland,Glove - Cutting,Male,5
411,Natala,Sawford,Portugal,Flax Seed,Female,5
412,Jenna,Fere,France,"Nut - Hazelnut, Whole",Female,5
413,Maxy,Strodder,Indonesia,"Rum - Cream, Amarula",Male,5
414,George,Duffitt,Russia,"Pork - Loin, Boneless",Male,5
415,Jedd,McKag,China,"Soup - Beef, Base Mix",Male,5
416,Findley,Teggin,Japan,Tea - Lemon Scented,Male,5
417,Dene,Tomkies,Ukraine,V8 Splash Strawberry Kiwi,Male,5
418,Verne,Gibbens,Indonesia,Glaze - Clear,Male,5
419,Ara,Mushet,Russia,Napkin Colour,Male,5
420,Elinore,Compfort,Yemen,Grapefruit - Pink,Female,5
421,Ennis,Grigore,Vietnam,"Yogurt - Strawberry, 175 Gr",Male,5
422,Emmerich,Lomond,Panama,Beef - Top Sirloin - Aaa,Male,5
423,Kit,Railton,Indonesia,Dc Hikiage Hira Huba,Female,5
424,Katie,Vallentin,Indonesia,Scrubbie - Scotchbrite Hand Pad,Bigender,5
425,Akim,Vaudrey,Colombia,Gherkin - Sour,Male,5
426,Katya,Agg,Sweden,Vinegar - White Wine,Female,5
427,Julia,Tricker,Poland,Pears - Fiorelle,Female,5
428,Selia,De Lasci,China,Cakes Assorted,Female,5
429,Arleyne,Martt,China,"Sprite, Diet - 355ml",Female,5
430,Niles,Mulryan,Chile,Cheese Cloth No 60,Male,5
431,Morgen,Labden,Cuba,Pastry - Apple Large,Male,5
432,Prentiss,Phripp,China,Mountain Dew,Male,5
433,Ferdie,Beddall,China,Orange Roughy 6/8 Oz,Male,5
434,Agnes,Gavaghan,Armenia,Steam Pan Full Lid,Genderqueer,5
435,Ludovika,Linden,China,Shark - Loin,Female,5
436,Micky,Simkovich,Portugal,Trueblue - Blueberry,Female,5
437,Iggy,Silbersak,Canada,Pie Shell - 9,Male,5
438,Stefa,Tilley,Philippines,Curry Paste - Madras,Female,5
439,Georg,Viscovi,Sri Lanka,Strawberries - California,Male,5
440,Janetta,Penddreth,China,Coffee - 10oz Cup 92961,Female,5
441,Terrence,Arnaut,Somalia,Veal - Provimi Inside,Male,5
442,Blondell,Marcos,Cameroon,Wine - Chablis J Moreau Et Fils,Female,5
443,Homere,Boyda,Russia,Spice - Montreal Steak Spice,Male,5
444,Marge,Kinnon,Colombia,Eggplant Oriental,Female,5
445,Cob,Covill,China,Cheese - La Sauvagine,Male,5
446,Eben,Benmore,Philippines,Soup - Campbells,Genderfluid,5
447,Aurore,Gilffilland,Canada,Extract - Raspberry,Female,5
448,Antonie,Baptiste,United States,Water - Spring 1.5lit,Female,5
449,Waylan,Pezey,Sweden,Soup - Verve - Chipotle Chicken,Male,5
450,Parry,Pessel,Brazil,Gatorade - Xfactor Berry,Male,5
451,Haley,Dommersen,Mongolia,"Tarragon - Primerba, Paste",Female,5
452,Elisabetta,Dymick,Portugal,"Tomatoes - Cherry, Yellow",Female,5
453,Fitzgerald,Chelam,Armenia,Soup - Campbells Asian Noodle,Male,5
454,Blondelle,Rubbens,China,Pastry - Butterscotch Baked,Female,5
455,Felice,Cuckoo,Jamaica,Curry Powder Madras,Female,5
456,Honey,Rotchell,Japan,Greens Mustard,Female,5
457,Mirelle,Filipczak,Colombia,Mudslide,Female,5
458,Tybalt,Barz,China,Gelatine Leaves - Bulk,Male,5
459,Halie,Konert,Indonesia,Wine - Sicilia Igt Nero Avola,Female,5
460,Shaylah,L' Estrange,Thailand,"Mushroom - Oyster, Fresh",Female,5
461,Terrell,Garbett,Philippines,"Tendrils - Baby Pea, Organic",Male,5
462,Ally,Eglise,Brazil,Daikon Radish,Female,5
463,Hermon,MacCallister,Indonesia,The Pop Shoppe Pinapple,Male,5
464,Cassey,Conwell,South Africa,Beef - Texas Style Burger,Female,5
465,Janeen,Todhunter,Japan,Lamb - Whole Head Off,Female,5
466,Salomo,Trevithick,Norway,Shark - Loin,Male,5
467,Arel,Mollon,Philippines,"Soup - Canadian Pea, Dry Mix",Male,5
468,Richmound,Fantone,China,Soup - Campbells Broccoli,Male,5
469,Udale,Botler,Czech Republic,Lettuce - Belgian Endive,Male,5
470,Nicolis,Deek,Nigeria,Napkin Colour,Male,5
471,Loren,Glennon,Indonesia,Soup Campbells Mexicali Tortilla,Male,5
472,Vanya,Munt,China,Mousse - Banana Chocolate,Male,5
473,Bartolomeo,Bordman,Canada,Lettuce - Spring Mix,Male,5
474,Rebbecca,Waldron,Russia,Chick Peas - Canned,Female,5
475,Gypsy,Ridsdale,China,Lime Cordial - Roses,Genderfluid,5
476,Ozzy,Ben-Aharon,Kenya,"Wine - Saint - Bris 2002, Sauv",Male,5
477,Violetta,Brundill,China,V8 Splash Strawberry Kiwi,Female,5
478,Petronia,Rowney,Ukraine,Grapes - Red,Female,5
479,Nikolas,Dackombe,Indonesia,Beef - Tenderloin - Aa,Male,5
480,Florenza,Hyde-Chambers,United States,"Pasta - Detalini, White, Fresh",Female,5
481,Lynde,Onians,Croatia,"Cup - 3.5oz, Foam",Female,5
482,Elaine,Stellin,China,Pork - Kidney,Female,5
483,Marge,Corrigan,Jordan,Pepper - Chilli Seeds Mild,Female,5
484,Regine,Giurio,Burkina Faso,Curry Powder,Female,5
485,Ailbert,Fortun,China,Chevere Logs,Bigender,5
486,Giralda,Greensted,China,"Doilies - 5, Paper",Bigender,5
487,Aguste,Northcliffe,Portugal,Soup - Campbells Mushroom,Male,5
488,Rafaelia,Caseri,Bolivia,"Thyme - Lemon, Fresh",Female,5
489,Matthaeus,Coad,United States,"Wine - Red, Lurton Merlot De",Male,5
490,Rubia,Haberfield,Palestinian Territory,"Beef - Bones, Marrow",Female,5
491,Kailey,Dearell,Peru,Initation Crab Meat,Female,5
492,Thatcher,Simione,Russia,"Pasta - Fettuccine, Egg, Fresh",Male,5
493,Ralf,Christy,Poland,Shallots,Male,5
494,Timoteo,Zannuto,Philippines,Mushroom - White Button,Male,5
495,Sashenka,Fallow,Nigeria,"Rum - Coconut, Malibu",Female,5
496,Ezekiel,Paoloni,Czech Republic,Puree - Mocha,Male,5
497,Alfy,Jasik,Philippines,"Rum - White, Gg White",Male,5
498,Sisile,Vanyushin,China,Wine - Charddonnay Errazuriz,Female,5
499,Glenden,Physic,Brazil,Kirsch - Schloss,Male,5
500,Forrest,Gooda,Indonesia,"Lamb - Leg, Boneless",Male,5
501,Dosi,Sweetzer,Zambia,"Bread - White, Unsliced",Female,5
502,Ursa,Weatherburn,Gambia,Lettuce - Romaine,Female,5
503,Serena,Newbery,Israel,Juice - Cranberry 284ml,Female,5
504,Aron,Malecky,Indonesia,Bowl 12 Oz - Showcase 92012,Male,5
505,Boone,McTeggart,Portugal,Beer - True North Lager,Male,5
506,Tallulah,Oleksiak,Russia,Wine - Zinfandel Rosenblum,Female,5
507,Leesa,Bruhnicke,Estonia,"Split Peas - Green, Dry",Female,5
508,Puff,Maceur,Indonesia,Water - Spring Water 500ml,Male,5
509,Guthrie,Dinan,Belgium,Squid - Tubes / Tenticles 10/20,Genderfluid,5
510,Paule,Commander,France,Wine - Dubouef Macon - Villages,Female,5
511,Kaitlynn,Myner,Brazil,Muffin Batt - Carrot Spice,Female,5
512,Jane,Ottery,China,Pernod,Female,5
513,Mehetabel,Surplice,Indonesia,Turnip - Mini,Female,5
514,Veronique,Caustic,China,Mince Meat - Filling,Female,5
515,Mignon,Gordon-Giles,Indonesia,Tea - Vanilla Chai,Female,5
516,Gus,Sharville,Indonesia,"Jam - Raspberry,jar",Female,5
517,Brita,Bromell,Poland,Cheese - Colby,Female,5
518,Anabelle,Storcke,Armenia,Flour - Bread,Female,5
519,Wallie,Brough,France,"Carrots - Mini, Stem On",Female,5
520,Mack,Mellhuish,Philippines,Chocolate - Dark Callets,Male,5
521,Erek,Swithenby,Brazil,Sauce - Caesar Dressing,Male,5
522,Nanni,Walley,China,Pepper - Chili Powder,Female,5
523,Coop,Yakobowitch,China,Lettuce - Lolla Rosa,Male,5
524,Gonzalo,Discombe,Peru,"Yogurt - Raspberry, 175 Gr",Male,5
525,Geneva,Brunotti,Canada,Soup - Chicken And Wild Rice,Female,5
526,Loria,Horsley,China,"Olives - Black, Pitted",Female,5
527,Cherida,Bizley,China,Jameson - Irish Whiskey,Female,5
528,Concettina,Carress,Maldives,Coriander - Ground,Genderqueer,5
529,Matias,Iacofo,South Africa,Relish,Male,5
530,Giffy,Heam,Brazil,Muffin Batt - Carrot Spice,Male,5
531,Pearce,Hadenton,Portugal,"Rum - Coconut, Malibu",Male,5
532,Corabelle,Ivery,France,Clementine,Female,5
533,Dominique,Filyakov,China,Pear - Halves,Female,5
534,Frances,Fuge,Brazil,"Nut - Walnut, Pieces",Female,5
535,Ophelie,Rosenzveig,China,Cheese Cheddar Processed,Female,5
536,Bentlee,Tomasz,Costa Rica,Coriander - Seed,Male,5
537,Derrik,Beaver,New Zealand,Hold Up Tool Storage Rack,Male,5
538,Susy,Goford,Dominican Republic,Squash - Butternut,Female,5
539,Giacinta,Gillise,South Korea,Cumin - Ground,Female,5
540,Nelie,Cavil,Philippines,"Lamb - Whole, Fresh",Female,5
541,Curtice,Durdan,Portugal,"Butter - Salted, Micro",Male,5
542,Fritz,Kacheler,China,Pastry - Mini French Pastries,Male,5
543,Raimund,Anersen,Costa Rica,Muffin Mix - Oatmeal,Male,5
544,Rosene,Ditts,Indonesia,Chicken - Livers,Female,5
545,Conn,Goggey,China,Cookie Dough - Chocolate Chip,Male,5
546,Kattie,Perrin,Tanzania,Mushroom - White Button,Female,5
547,Meridel,Poletto,Slovenia,Rice Paper,Female,5
548,Alvina,Grishanov,Venezuela,"Pepper - Red, Finger Hot",Female,5
549,Clarie,Tutchell,Japan,Soup - Base Broth Beef,Female,5
550,Tod,Beak,Indonesia,Ice Cream Bar - Hagen Daz,Male,5
551,Rhys,Alderwick,Portugal,Wine - Segura Viudas Aria Brut,Male,5
552,Humfrid,Lackington,China,Bread - Olive,Male,5
553,Bogey,Corp,Indonesia,Sausage - Chorizo,Genderqueer,5
554,Tadeas,Winger,Guatemala,"Pork - Back, Short Cut, Boneless",Male,5
555,Christabel,Rouby,China,"Turkey - Breast, Boneless Sk On",Female,5
556,Salim,Athy,Vietnam,Lettuce - Treviso,Male,5
557,Fay,Chasles,China,Liqueur - Melon,Female,5
558,Rosemonde,Braven,Indonesia,Kiwi,Female,5
559,Delcine,Stoade,Poland,"Doilies - 7, Paper",Female,5
560,Micki,Mynett,Czech Republic,Swordfish Loin Portions,Female,5
561,Willi,Pettiward,Indonesia,Graham Cracker Mix,Male,5
562,Lars,Boycott,Indonesia,Cup - 8oz Coffee Perforated,Male,5
563,Jeremie,Ruddell,Sweden,Chevril,Male,5
564,Timofei,Jeannon,Armenia,Soup - Cream Of Potato / Leek,Male,5
565,Malina,Dudbridge,Bosnia and Herzegovina,Nectarines,Female,5
566,Bibby,Coat,Thailand,Shark - Loin,Female,5
567,Aurelie,Hansill,China,Foam Tray S2,Female,5
568,Denise,Ogley,China,Gatorade - Orange,Female,5
569,Marcile,Bowie,China,Beef - Ox Tongue,Female,5
570,Devina,Beachem,Iraq,"Shrimp - 16 - 20 Cooked, Peeled",Female,5
571,Karlik,Giovanetti,Russia,Juice - Orangina,Male,5
572,Nadeen,Fraschetti,China,"Yogurt - Cherry, 175 Gr",Female,5
573,Perkin,Pretorius,Madagascar,Grouper - Fresh,Male,5
574,Hillard,Pattlel,Indonesia,"Bread - Crumbs, Bulk",Bigender,5
575,Mimi,Boik,China,Chevril,Female,5
576,Hermann,Swiffan,Brazil,Cocktail Napkin Blue,Male,5
577,Russell,Klulik,Brazil,Oil - Safflower,Male,5
578,Dianna,Iianon,Nigeria,Sandwich Wrap,Female,5
579,Joby,Marris,Russia,Wine - Fat Bastard Merlot,Female,5
580,Merilee,Guyet,Japan,Jolt Cola - Red Eye,Female,5
581,Gusty,Graundisson,Philippines,Beef - Top Butt Aaa,Female,5
582,Franz,Courvert,Indonesia,Bacardi Limon,Genderfluid,5
583,Lorrie,Trimming,Russia,Chinese Foods - Plain Fried Rice,Female,5
584,Danika,Fenty,China,Bread - Onion Focaccia,Female,5
585,Avery,Cellone,Cape Verde,"Flour - Corn, Fine",Male,5
586,Angele,Beadle,Colombia,Nori Sea Weed - Gold Label,Female,5
587,Theodora,Ewdale,Indonesia,"Syrup - Monin, Amaretta",Female,5
588,Rogerio,Mosdill,Philippines,Soy Protein,Male,5
589,Riley,Andras,New Zealand,Cookie Dough - Peanut Butter,Male,5
590,Cynthea,Craig,Mexico,"Pepper - Black, Ground",Female,5
591,Bar,Basillon,Indonesia,Flower - Carnations,Male,5
592,Rhoda,Ruseworth,France,Ham - Virginia,Female,5
593,Merwyn,Fairn,Philippines,"Roe - Lump Fish, Black",Male,5
594,Shannan,Palia,Indonesia,Aromat Spice / Seasoning,Male,5
595,Merna,L'Amie,Brazil,Teriyaki Sauce,Female,5
596,Rosita,Cathenod,Ukraine,Muffin - Mix - Strawberry Rhubarb,Female,5
597,Dom,Brizland,Syria,Sea Bass - Whole,Male,5
598,Windham,Sabine,Vietnam,Bread - Italian Roll With Herbs,Male,5
599,Samaria,Gilardone,Nicaragua,Calypso - Strawberry Lemonade,Female,5
600,Adolpho,Doyland,Venezuela,Longos - Chicken Cordon Bleu,Male,5
601,Cristobal,Tomenson,Serbia,Pepper - Red Thai,Male,5
602,Faber,Ure,Yemen,Sausage - Chorizo,Male,5
603,Cyndi,Donnan,Bangladesh,"Yogurt - Banana, 175 Gr",Female,5
604,Zilvia,Watsham,China,Mayonnaise,Female,5
605,Hardy,Melville,China,Chick Peas - Dried,Male,5
606,Dotti,Maseyk,Colombia,"Bread - Multigrain, Loaf",Female,5
607,Fayina,China,South Africa,Sambuca - Ramazzotti,Female,5
608,Ephrem,Longley,Albania,The Pop Shoppe - Black Cherry,Male,5
609,Maren,Sharphurst,Russia,Jack Daniels,Non-binary,5
610,Eimile,Aloshechkin,Vietnam,Table Cloth 144x90 White,Female,5
611,Dulci,Arr,Mexico,Pear - Packum,Female,5
612,Karita,Peddowe,China,Pork - Backfat,Female,5
613,Hercules,Heathfield,Indonesia,"Stock - Beef, Brown",Male,5
614,Homerus,Ebbrell,Thailand,Clams - Bay,Male,5
615,Tore,Sutherel,China,Vinegar - White,Male,5
616,Del,Stoodley,Afghanistan,Lighter - Bbq,Genderqueer,5
617,Hillary,Brundrett,Philippines,Cookies - Englishbay Oatmeal,Female,5
618,Regen,Fortnon,Peru,Skirt - 24 Foot,Male,5
619,Flynn,Attrey,Indonesia,Bread Sour Rolls,Polygender,5
620,Willdon,Fenich,Czech Republic,Mortadella,Male,5
621,Fidelia,Arkell,Niger,Beef - Striploin Aa,Female,5
622,Berne,Parzis,Brazil,Ecolab - Lime - A - Way 4/4 L,Male,5
623,Harlen,Tudball,Russia,Wine - Delicato Merlot,Male,5
624,Sherill,Doll,Indonesia,Beets,Female,5
625,Sigrid,Hallums,China,Cookies - Amaretto,Female,5
626,Ashley,Menis,China,"Pasta - Spaghetti, Dry",Female,5
627,Martino,McCarly,Poland,Pur Value,Male,5
628,Lucy,Fabri,Philippines,Muffin Hinge Container 6,Female,5
629,Haily,Fashion,Pakistan,Wine - Gato Negro Cabernet,Female,5
630,Vivi,Pledge,Jamaica,"Lemonade - Black Cherry, 591 Ml",Female,5
631,Mercy,Gayler,Mongolia,Knife Plastic - White,Female,5
632,Ellette,Gimblett,Palestinian Territory,Pork Salted Bellies,Female,5
633,Neysa,Sabattier,Mexico,Ginsing - Fresh,Bigender,5
634,Tabina,Tobin,Russia,Bag - Regular Kraft 20 Lb,Female,5
635,Arlana,Lilburne,Czech Republic,Wine - Placido Pinot Grigo,Female,5
636,Dore,Lightollers,United States,Butter Ripple - Phillips,Female,5
637,Clarence,Dieton,Indonesia,Jolt Cola,Male,5
638,Addie,Schonfeld,China,Oil - Canola,Non-binary,5
639,Nicole,Streatfeild,Russia,Fish - Bones,Female,5
640,Noelani,Boddie,Ivory Coast,Juice - Lime,Bigender,5
641,Kacie,Wimmer,Ghana,Ginger - Ground,Female,5
642,Sindee,Haslewood,Portugal,Pastrami,Agender,5
643,Sloan,Dressel,France,Tomato - Peeled Italian Canned,Male,5
644,Tim,Clay,China,Vinegar - Red Wine,Male,5
645,Jewelle,Polgreen,Poland,Orange - Tangerine,Female,5
646,Tailor,Obispo,Iran,Cookie Dough - Oatmeal Rasin,Male,5
647,Addie,Hyder,Philippines,Thyme - Dried,Male,5
648,Red,Oak,Benin,Tea - Orange Pekoe,Male,5
649,Arvin,Doudny,Greece,Beef Dry Aged Tenderloin Aaa,Male,5
650,Jennilee,Windas,Finland,"Stock - Chicken, White",Female,5
651,Ricardo,Meininking,China,Irish Cream - Butterscotch,Male,5
652,Drucy,Riseley,Cuba,Mikes Hard Lemonade,Female,5
653,Charlotte,Cormack,Mexico,Bread - Hot Dog Buns,Female,5
654,Caldwell,Ingarfield,Indonesia,"Syrup - Monin, Irish Cream",Male,5
655,Jereme,Nabbs,Cuba,"Wine - Red, Gallo, Merlot",Male,5
656,Sax,Simcock,Georgia,Yeast Dry - Fleischman,Male,5
657,Kaye,Hillatt,Peru,Calaloo,Agender,5
658,Constantine,Durden,Indonesia,Sproutsmustard Cress,Male,5
659,Dante,Syne,Indonesia,Sauce - Thousand Island,Male,5
660,Frederik,Platt,China,Wine - Tribal Sauvignon,Male,5
661,Shel,Jephcote,Portugal,Bread - Corn Muffaletta,Female,5
662,Waring,Ableson,Sweden,Table Cloth 120 Round White,Non-binary,5
663,Rozelle,Noakes,Brazil,Cheese - Colby,Female,5
664,Guthrie,Farrance,Venezuela,Lighter - Bbq,Male,5
665,Roxy,Hamprecht,Portugal,Sour Cream,Non-binary,5
666,Erwin,Bagnal,Canada,Whmis - Spray Bottle Trigger,Male,5
667,Shermie,Spiring,Cuba,Wine - Delicato Merlot,Male,5
668,Emmanuel,Wolland,Indonesia,Milk - Skim,Male,5
669,Solly,Mulvy,Czech Republic,Chervil - Fresh,Male,5
670,Bernete,Senecaux,China,Calypso - Black Cherry Lemonade,Polygender,5
671,Cesar,Edwicke,Russia,Blackberries,Male,5
672,Rena,Jakel,Portugal,Mints - Striped Red,Female,5
673,Britta,Springall,Nicaragua,"Ranchero - Primerba, Paste",Female,5
674,Emery,Sweetsur,Indonesia,Boogies,Male,5
675,Valera,Filipiak,Poland,Okra,Female,5
676,Delphinia,Alam,China,Sole - Iqf,Agender,5
677,Nils,Dunsleve,United States,Wonton Wrappers,Male,5
678,Melisenda,Larmett,Philippines,Sauce - Cranberry,Female,5
679,Barbra,Bruniges,Indonesia,"Sauce - Apple, Unsweetened",Female,5
680,Alis,Clipsham,China,Sauerkraut,Female,5
681,Jonas,Presdee,Ethiopia,Alize Sunset,Male,5
682,Klarika,Tinwell,Malaysia,Flower - Potmums,Female,5
683,Dimitri,Yewman,Indonesia,Cookie Choc,Male,5
684,Nicolas,Simonetto,Russia,Honey - Comb,Male,5
685,Kriste,Klemencic,China,Bread - Corn Muffaleta Onion,Female,5
686,Dorella,McCreery,Philippines,Potatoes - Peeled,Female,5
687,Nat,Ferrotti,China,Island Oasis - Sweet And Sour Mix,Female,5
688,Chrissie,Milburne,Vietnam,Cheese - Swiss,Female,5
689,Dal,Cockman,Philippines,Tomato Puree,Genderfluid,5
690,Geno,Taft,France,"Wine - White, Schroder And Schyl",Male,5
691,Haywood,Rogier,Republic of the Congo,Mangostein,Male,5
692,Niel,Yegorkin,Canada,Chinese Foods - Chicken,Male,5
693,Anatola,Senechell,China,Beer - True North Strong Ale,Female,5
694,Jenilee,Gonnet,Philippines,"Pork - Sausage, Medium",Female,5
695,Martainn,McClurg,Costa Rica,Cheese - Camembert,Male,5
696,Rowe,Bruna,Mexico,"Coconut - Shredded, Sweet",Female,5
697,Annelise,Waistall,Thailand,Tomatoes - Yellow Hot House,Genderfluid,5
698,Welsh,Cantera,Indonesia,Cheese - Roquefort Pappillon,Male,5
699,Estelle,Buddington,China,Baking Powder,Female,5
700,Tommi,Bruna,Peru,Chocolate Eclairs,Female,5
701,Royal,Stride,Peru,Pickerel - Fillets,Male,5
702,Kendrick,Labin,China,Wine - Lamancha Do Crianza,Male,5
703,Corenda,Ketteringham,Czech Republic,Potatoes - Mini Red,Female,5
704,Benedetto,Trussell,Sweden,Syrup - Monin - Granny Smith,Male,5
705,Fremont,Crane,Thailand,"Nestea - Ice Tea, Diet",Male,5
706,Morganica,Voff,Russia,Table Cloth 53x53 White,Female,5
707,Ely,Casari,Indonesia,Bag - Regular Kraft 20 Lb,Male,5
708,Annnora,Sheekey,Sweden,"Pasta - Penne Primavera, Single",Female,5
709,Izaak,Piquard,Mexico,Coffee Cup 8oz 5338cd,Male,5
710,Sandye,Lickorish,Indonesia,Mustard - Seed,Female,5
711,Lonnie,Piotrkowski,Russia,Puree - Pear,Female,5
712,Cookie,Bolver,Indonesia,Aspic - Light,Female,5
713,Francoise,Mayler,Paraguay,Mussels - Cultivated,Female,5
714,Ive,Manach,France,Tart - Raisin And Pecan,Non-binary,5
715,Emmott,Tabour,France,"Bread - Pita, Mini",Male,5
716,Marlene,Vaggers,Mauritius,Scallop - St. Jaques,Female,5
717,Darline,Nisen,Mexico,Carbonated Water - Strawberry,Polygender,5
718,Emlyn,Welsby,Portugal,Bar Mix - Lemon,Female,5
719,Nikolaus,Royden,Indonesia,Pickerel - Fillets,Male,5
720,Kaylyn,Fowles,Russia,"Dill - Primerba, Paste",Polygender,5
721,Morna,Tytterton,Brazil,Ice Cream - Chocolate,Female,5
722,Waring,Antoons,China,Figs,Genderqueer,5
723,Janean,MacKenzie,Bangladesh,"Sauce - Soya, Light",Non-binary,5
724,Emylee,Bauer,Russia,"Yogurt - Peach, 175 Gr",Female,5
725,Buck,Cardnell,China,Juice - Lagoon Mango,Male,5
726,Lynnet,Mosco,Portugal,Hagen Daza - Dk Choocolate,Female,5
727,Cecily,Hallybone,Portugal,Pickles - Gherkins,Female,5
728,Jeanna,Willowby,China,Laundry - Bag Cloth,Female,5
729,Dee,Munkton,Japan,Wine - Magnotta - Pinot Gris Sr,Female,5
730,Cherri,Crowden,China,Alize Sunset,Female,5
731,Jaime,Sikorsky,United States,Lychee,Genderqueer,5
732,Patrick,Brockley,China,Ocean Spray - Kiwi Strawberry,Male,5
733,Maryanna,Flacknell,Japan,Tomato - Tricolor Cherry,Female,5
734,Kristian,Duke,Zimbabwe,Cheese - Pied De Vents,Male,5
735,Jocelyn,Postlewhite,El Salvador,"Pork - Bacon, Sliced",Female,5
736,Kori,O Mullen,China,Currants,Female,5
737,Clementine,Govett,Jamaica,Turkey Leg With Drum And Thigh,Female,5
738,Mirabella,Gallgher,Vietnam,"Mushroom - Enoki, Fresh",Female,5
739,Antoinette,Swannie,Peru,Wine - Pinot Grigio Collavini,Female,5
740,Sherilyn,Benneton,China,Bamboo Shoots - Sliced,Female,5
741,Avivah,Seatter,China,"Beef - Ox Tongue, Pickled",Female,5
742,Paxton,Rivelin,Kazakhstan,Bag - Clear 7 Lb,Male,5
743,Micaela,Eddis,Paraguay,"Juice - V8, Tomato",Female,5
744,Mario,Jirieck,Peru,Ham - Proscuitto,Genderfluid,5
745,Rochester,Pimblotte,Indonesia,Papadam,Male,5
746,Katey,Hastwell,China,Dasheen,Female,5
747,Elyse,Moss,Indonesia,Bread - Triangle White,Female,5
748,Malissa,Weatherill,Russia,Watercress,Female,5
749,Nappy,MacDunleavy,Brazil,"Wine - Red, Pelee Island Merlot",Male,5
750,Bethina,Korba,Portugal,"Pineapple - Canned, Rings",Female,5
751,Gertruda,Coppo,Indonesia,Sauce - Marinara,Female,5
752,Terrye,Doran,Thailand,Pork - Side Ribs,Female,5
753,Amalle,MacAfee,Philippines,Coffee - Decaffeinato Coffee,Female,5
754,Savina,Muirden,China,"Asparagus - Green, Fresh",Female,5
755,Janos,Symcock,China,Gatorade - Xfactor Berry,Male,5
756,Crichton,Askey,Zambia,"Carrots - Purple, Organic",Male,5
757,Baxie,Trudgeon,Yemen,Coffee - Hazelnut Cream,Male,5
758,Glenn,Rackstraw,Colombia,Cardamon Ground,Agender,5
759,Allyn,Neale,Philippines,Veal - Kidney,Polygender,5
760,Ferdinande,Lanchbery,China,Slt - Individual Portions,Female,5
761,Hoyt,Thornham,China,"Spoon - Soup, Plastic",Male,5
762,Rollin,Vedstra,France,Cookies - Assorted,Male,5
763,Jayne,Teece,Brazil,Flour - All Purpose,Female,5
764,Emma,Wittman,Brazil,Sauce - Soy Low Sodium - 3.87l,Female,5
765,Sullivan,Vevers,Vietnam,Cheese Cheddar Processed,Male,5
766,Dahlia,Cobbald,Philippines,Muffin Mix - Raisin Bran,Female,5
767,Belva,Youthed,Albania,Squash - Acorn,Female,5
768,Fransisco,Eburah,Zambia,"Pork - Tenderloin, Fresh",Male,5
769,Benedikt,Liell,Indonesia,Glass Clear 7 Oz Xl,Polygender,5
770,Vyky,Ladson,Philippines,Mushrooms - Honey,Female,5
771,Hazel,Hillock,United States,Water - Green Tea Refresher,Female,5
772,Iolande,Regus,Uzbekistan,Duck - Breast,Female,5
773,Gallard,Padrick,Ivory Coast,Instant Coffee,Male,5
774,Aggi,Stickley,Indonesia,Coconut Milk - Unsweetened,Female,5
775,Sasha,Lottrington,Greece,Oil - Safflower,Female,5
776,Ruthe,Lunk,Philippines,Paper Cocktail Umberlla 80 - 180,Female,5
777,Dulce,Coram,Ukraine,Skewers - Bamboo,Genderfluid,5
778,Karoline,Antoniutti,French Polynesia,Muffin Mix - Lemon Cranberry,Female,5
779,Hedvig,Roddick,Russia,"Cheese - Mozzarella, Shredded",Female,5
780,Garald,Rizon,Indonesia,Beer - Blue,Male,5
781,Cristina,MacCall,Guatemala,Sambuca - Opal Nera,Female,5
782,Penny,Dymond,United States,Ham - Cooked Bayonne Tinned,Genderfluid,5
783,Gabriel,Belf,Jamaica,"Star Anise, Whole",Female,5
784,Lidia,Bickersteth,China,Magnotta Bel Paese Red,Genderfluid,5
785,Carver,Targetter,Sweden,Pastry - Lemon Danish - Mini,Male,5
786,Reube,Cramer,China,Pastrami,Male,5
787,Gipsy,Jachimiak,France,"Lamb - Pieces, Diced",Genderfluid,5
788,Dallis,Brass,Ecuador,Pasta - Orecchiette,Male,5
789,Puff,Constantinou,Portugal,Wine - Ice Wine,Male,5
790,Free,Malley,Philippines,Mini - Vol Au Vents,Male,5
791,Windham,Delve,Argentina,Noodles - Steamed Chow Mein,Genderfluid,5
792,Shep,Giuroni,China,"Mushroom - Shitake, Dry",Male,5
793,Kaine,Toomer,Kazakhstan,Wine - Ruffino Chianti,Male,5
794,Terrijo,Gard,Palestinian Territory,"Split Peas - Green, Dry",Female,5
795,Darsey,Merrien,Poland,Onions - Vidalia,Female,5
796,Hewe,Chumley,China,"Roe - Lump Fish, Red",Male,5
797,Jonis,Crimp,Brazil,Gatorade - Lemon Lime,Female,5
798,Amalle,Scrivener,China,Flour Pastry Super Fine,Non-binary,5
799,Saundra,Dorgon,China,Bread Base - Gold Formel,Female,5
800,Dianne,Watkins,Nepal,Grapes - Red,Female,5
801,Linnea,Crevagh,Egypt,Soup - Campbells Mushroom,Non-binary,5
802,Palmer,Arbor,Czech Republic,Cake - French Pear Tart,Male,5
803,Teriann,Prugel,Indonesia,Trueblue - Blueberry 12x473ml,Female,5
804,Madelaine,Meere,China,Ecolab Crystal Fusion,Bigender,5
805,Karina,Tattoo,Brazil,Tea - Decaf Lipton,Female,5
806,Doug,Kleinber,Slovenia,Bread - Multigrain,Male,5
807,Tabbatha,Proom,Cameroon,Duck - Fat,Female,5
808,Colette,Eloi,Indonesia,"Wine - Red, Gamay Noir",Female,5
809,Neall,Huckell,Russia,Monkfish Fresh - Skin Off,Male,5
810,Cecilius,Coppenhall,China,Steel Wool,Male,5
811,Currey,McKinlay,Niger,Curry Paste - Green Masala,Male,5
812,Mick,Wainwright,Nepal,Kirsch - Schloss,Male,5
813,Creigh,Emmet,China,Initation Crab Meat,Male,5
814,Daune,Blockwell,China,Cheese - Asiago,Female,5
815,Perry,Danniel,Philippines,Bag Stand,Female,5
816,Marisa,Tanton,Czech Republic,Onion - Dried,Genderqueer,5
817,Cammy,Picot,Somalia,Water - Perrier,Female,5
818,Mil,Januszkiewicz,Costa Rica,Olives - Stuffed,Bigender,5
819,Erskine,Measor,Russia,Frangelico,Male,5
820,Gardie,Cumpton,Indonesia,Tea - Apple Green Tea,Male,5
821,Shelba,State,Indonesia,Rabbit - Legs,Female,5
822,Darelle,Sansum,Argentina,Sauce - Ranch Dressing,Female,5
823,Samara,Fisbburne,Japan,Instant Coffee,Bigender,5
824,Tripp,Blackadder,Brazil,Tea - Grapefruit Green Tea,Male,5
825,Remus,Popley,Philippines,Butter - Pod,Male,5
826,Dorothy,De Vaar,Costa Rica,Boogies,Female,5
827,Nicholas,Dryden,China,Parasol Pick Stir Stick,Bigender,5
828,Douglas,Dulson,Ukraine,"Wine - White, Riesling, Henry Of",Male,5
829,Abe,Senogles,United States,Nantucket - Pomegranate Pear,Male,5
830,Nat,Alfonso,Indonesia,Jello - Assorted,Female,5
831,Jana,Hammer,Portugal,Foam Tray S2,Female,5
832,Ardith,Abel,Brazil,Grouper - Fresh,Female,5
833,Kellby,Jenne,Albania,"Wine - White, French Cross",Male,5
834,Wolfie,Plenderleith,Russia,Dc Hikiage Hira Huba,Male,5
835,Lela,Kimmitt,Indonesia,Wine - Black Tower Qr,Female,5
836,Kory,Marquand,China,"Artichokes - Knobless, White",Polygender,5
837,Mariann,Horsfield,Japan,Lentils - Green Le Puy,Female,5
838,Justen,Rapsey,China,"Water - Mineral, Natural",Male,5
839,Antonetta,Midlane,Ecuador,"Sugar - Sweet N Low, Individual",Female,5
840,Cyndy,Kearney,Zambia,Tea - Orange Pekoe,Female,5
841,Leoine,Phillcox,Russia,Lemons,Female,5
842,Lewes,Josefowicz,Portugal,Kellogs Raisan Bran Bars,Male,5
843,Son,Riding,Guatemala,Oil - Macadamia,Male,5
844,Silvanus,Heningam,Indonesia,Lobster - Base,Male,5
845,Gusta,Chantree,Serbia,Veal Inside - Provimi,Female,5
846,Wilfred,Greenan,Myanmar,Cookie Dough - Peanut Butter,Male,5
847,Amelie,Sherry,Mongolia,Cheese - Blue,Female,5
848,Eleanore,Hebblethwaite,China,Appetizer - Shrimp Puff,Female,5
849,Rianon,Buckerfield,Belgium,Milk 2% 500 Ml,Female,5
850,Arni,Pettwood,Russia,Island Oasis - Peach Daiquiri,Male,5
851,Rianon,Mustard,China,Nutmeg - Ground,Female,5
852,Vin,Southcomb,Kazakhstan,"Salmon - Atlantic, Fresh, Whole",Male,5
853,Ardyth,McArtan,Sierra Leone,Truffle Shells - Semi - Sweet,Female,5
854,Valaria,Bernollet,Sweden,Wine - Cava Aria Estate Brut,Female,5
855,Olivero,Lilly,Mexico,"Wine - White, Antinore Orvieto",Genderqueer,5
856,Curtis,Smooth,Sweden,"Rosemary - Primerba, Paste",Male,5
857,Gerald,Jellybrand,China,Skirt - 29 Foot,Male,5
858,Sheryl,Reeders,China,Muffin Batt - Choc Chk,Female,5
859,Idalia,Stallion,Yemen,Macaroons - Homestyle Two Bit,Female,5
860,Sloane,Chasson,Slovenia,"Pork - Bacon,back Peameal",Male,5
861,Ravid,Franz,Japan,"7up Diet, 355 Ml",Male,5
862,Sharlene,Raulin,Portugal,Crab - Meat Combo,Female,5
863,Ricki,Domingues,United States,"Juice - Clam, 46 Oz",Male,5
864,Petronella,Betancourt,China,Bread - Onion Focaccia,Female,5
865,Leyla,Dorey,Croatia,"Trout - Rainbow, Frozen",Female,5
866,Markos,Treppas,Zambia,Veal Inside - Provimi,Male,5
867,Valli,O'Cassidy,Nigeria,"Mushroom - Oyster, Fresh",Female,5
868,Kevin,Killoran,China,Cookie Dough - Peanut Butter,Bigender,5
869,Derry,Simonitto,Russia,Lettuce - Lolla Rosa,Male,5
870,Jena,MacQuarrie,South Africa,"Wine - Red, Cabernet Merlot",Female,5
871,Sayer,Spikings,France,Beef - Top Butt,Male,5
872,Aundrea,Willas,Ireland,Cookies - Amaretto,Female,5
873,Kally,Penchen,Portugal,Sauce Tomato Pouch,Genderqueer,5
874,Wilhelmina,Tomaszczyk,Argentina,Absolut Citron,Female,5
875,Vladimir,Biesty,Cuba,Beer - True North Lager,Male,5
876,Pepita,Humpherston,Japan,"Pasta - Lasagna, Dry",Female,5
877,Nick,Fannin,China,Water - Evian 355 Ml,Male,5
878,Analise,Croneen,Armenia,Tomatoes - Grape,Bigender,5
879,Connie,Reolfo,Peru,"Sauce - Gravy, Au Jus, Mix",Male,5
880,Clerissa,Gosson,China,"Lamb - Loin, Trimmed, Boneless",Female,5
881,Olia,Course,Philippines,Gatorade - Cool Blue Raspberry,Genderqueer,5
882,Terence,Cootes,Paraguay,"Coke - Diet, 355 Ml",Male,5
883,Lazaro,Wayper,China,Coffee - Egg Nog Capuccino,Male,5
884,Ayn,Nono,Guinea,Anchovy Fillets,Agender,5
885,Lucien,Godly,Kenya,Veal - Osso Bucco,Male,5
886,Agnesse,Childes,China,Bread Crumbs - Japanese Style,Female,5
887,Winona,Prendeville,Venezuela,Dome Lid Clear P92008h,Female,5
888,Lorens,Djokovic,France,Barley - Pearl,Male,5
889,Bonni,Streight,Poland,Appetiser - Bought,Female,5
890,Stafford,Lessmare,Madagascar,Carbonated Water - Blackberry,Male,5
891,Jordan,Bransom,Ecuador,"Beef - Cooked, Corned",Female,5
892,Cathie,Astles,Indonesia,Pie Filling - Pumpkin,Female,5
893,Brantley,Cadle,China,Chicken Giblets,Male,5
894,Elnore,Harnetty,Indonesia,Plasticforkblack,Female,5
895,Randi,Ordelt,France,Shichimi Togarashi Peppeers,Male,5
896,Axel,Blodget,Norway,Cleaner - Lime Away,Male,5
897,Mariejeanne,Brandel,Ukraine,"Nut - Pistachio, Shelled",Female,5
898,Yolanthe,Dumberrill,China,Scampi Tail,Female,5
899,Kathleen,Fulkes,Finland,Dawn Professionl Pot And Pan,Female,5
900,Fedora,Elsy,Czech Republic,"Wine - Red, Colio Cabernet",Female,5
901,Cacilie,Anglim,Japan,"Garlic - Primerba, Paste",Female,5
902,Merle,O' Mara,Thailand,Plastic Wrap,Male,5
903,Gearalt,Tirrey,China,Mangostein,Male,5
904,Fernande,Batalini,Russia,Potatoes - Peeled,Female,5
905,Donny,Tesseyman,Philippines,Scampi Tail,Female,5
906,Andres,Mallalieu,China,Sun - Dried Tomatoes,Male,5
907,Ermin,Gullivan,Poland,Grapes - Red,Male,5
908,Rayshell,Weal,Poland,"Juice - Grapefruit, 341 Ml",Female,5
909,Melinde,Dmisek,South Korea,Mortadella,Female,5
910,Goddart,Crace,China,Salt And Pepper Mix - White,Male,5
911,Alie,Martello,Brazil,Rye Special Old,Female,5
912,Fidela,Toppes,Japan,Coffee - Ristretto Coffee Capsule,Female,5
913,Chrisy,Corsor,Japan,Turkey Tenderloin Frozen,Male,5
914,Walden,Fonso,Madagascar,"Peas - Pigeon, Dry",Male,5
915,Novelia,Fairest,France,Bread - Corn Muffaletta,Female,5
916,Dana,Ponnsett,Czech Republic,Milkettes - 2%,Male,5
917,Trula,Witherby,China,Cranberries - Fresh,Female,5
918,Ortensia,Sussans,Philippines,Beef - Striploin,Non-binary,5
919,Haydon,Rout,Thailand,Bar Mix - Lemon,Male,5
920,Domenic,Doak,Russia,"Apple - Delicious, Golden",Male,5
921,Ave,Wadeson,Israel,"Bread - Multigrain, Loaf",Male,5
922,Aleece,Dana,Canada,Cookie - Dough Variety,Female,5
923,Gunter,Alesio,Bosnia and Herzegovina,Eel Fresh,Polygender,5
924,Maurita,Fuente,China,Southern Comfort,Female,5
925,Brade,Connett,Colombia,Wine - Cotes Du Rhone Parallele,Male,5
926,Shannon,Crowch,Peru,Salt And Pepper Mix - White,Male,5
927,Hillard,Francesconi,Japan,Steampan - Half Size Shallow,Genderfluid,5
928,Susette,Camplin,Philippines,Rabbit - Whole,Female,5
929,Engelbert,Ranby,Mongolia,Pepper - Cayenne,Male,5
930,Clare,Meiklam,Armenia,Eggplant - Baby,Female,5
931,Diena,Cregin,Thailand,Cookies - Amaretto,Female,5
932,Hunter,Scurrell,Jordan,"Cheese - Havarti, Salsa",Male,5
933,Stern,McIver,France,Cream - 18%,Male,5
934,Sallyanne,Cottu,China,Beef - Rib Eye Aaa,Female,5
935,Madge,Donaher,United States,Tea - Lemon Scented,Female,5
936,Candis,Avraam,Indonesia,Flower - Commercial Bronze,Polygender,5
937,Tate,Wrench,China,Scallops - In Shell,Male,5
938,Alecia,Gerran,Colombia,Longos - Chicken Curried,Female,5
939,Dav,Hazelby,Philippines,French Pastries,Male,5
940,Wye,Coultass,Morocco,Veal - Slab Bacon,Male,5
941,Gus,Wratten,Syria,The Pop Shoppe - Black Cherry,Female,5
942,Abe,Latore,France,Vinegar - White,Male,5
943,Kaela,Langsbury,Ukraine,Sardines,Female,5
944,Aristotle,Downgate,China,Appetizer - Mushroom Tart,Male,5
945,Tobie,Symon,Indonesia,Onions - Red Pearl,Male,5
946,Cole,Gynne,Costa Rica,Pork - Hock And Feet Attached,Male,5
947,Reginauld,Skupinski,France,"Beets - Candy Cane, Organic",Non-binary,5
948,Petr,Coot,Reunion,Sprouts - Corn,Polygender,5
949,Kandace,Thon,Philippines,Trueblue - Blueberry 12x473ml,Female,5
950,Abran,Backen,China,Broom - Angled,Male,5
951,Jere,Stilgo,United States,Tobasco Sauce,Male,5
952,Morgen,Pococke,Mozambique,Pork - Hock And Feet Attached,Male,5
953,Ephrem,Reilly,Vietnam,"Mushroom - Chanterelle, Dry",Male,5
954,Modestine,Karlik,Czech Republic,"Lemonade - Kiwi, 591 Ml",Female,5
955,Cyndie,Gilstoun,Colombia,Tarts Assorted,Female,5
956,Rois,Follet,Russia,"Salmon - Atlantic, No Skin",Female,5
957,Darell,St Ange,China,Milk - Chocolate 500ml,Female,5
958,Vonny,Mundwell,China,Steampan - Foil,Female,5
959,Garwood,Scates,Dominican Republic,Cafe Royale,Male,5
960,Randolf,Pikesley,Philippines,Nescafe - Frothy French Vanilla,Male,5
961,Annelise,Ivel,Nigeria,Wine - Gewurztraminer Pierre,Non-binary,5
962,Chet,Taberer,Colombia,"Mop Head - Cotton, 24 Oz",Male,5
963,Jen,Comsty,Syria,Cup - Paper 10oz 92959,Female,5
964,Val,Robb,Philippines,Steam Pan Full Lid,Male,5
965,Catlaina,Stoffersen,Russia,Bagels Poppyseed,Female,5
966,Kore,Mundall,Slovenia,"Lamb - Loin, Trimmed, Boneless",Female,5
967,Waneta,Juarez,China,Bread - Dark Rye,Female,5
968,Merrilee,Baitman,Mongolia,Chocolate - Dark,Female,5
969,Ulick,Enever,France,Wine - Hardys Bankside Shiraz,Male,5
970,Alverta,Walding,Brazil,Latex Rubber Gloves Size 9,Female,5
971,Pamela,Diwell,Brazil,"Plate - Foam, Bread And Butter",Female,5
972,Nial,Cornish,China,Oats Large Flake,Male,5
973,Farrah,McEvay,China,Cheese Cloth No 60,Female,5
974,Joseph,Strut,Japan,Pastry - Baked Cinnamon Stick,Male,5
975,Nixie,Mabon,Brazil,"Wine - Red, Pelee Island Merlot",Female,5
976,Xenos,Mansour,Portugal,Graham Cracker Mix,Male,5
977,Penn,Tunna,Russia,Jam - Apricot,Male,5
978,Gretta,De Stoop,China,Juice Peach Nectar,Female,5
979,Cam,Kummerlowe,Czech Republic,"Veal - Brisket, Provimi, Bone - In",Female,5
980,Darelle,Latham,American Samoa,Wine - Blue Nun Qualitatswein,Female,5
981,Candie,Growy,Bangladesh,Oil - Margarine,Female,5
982,Carolin,Kirman,Indonesia,Potato - Sweet,Female,5
983,Corinne,Ranyelld,Indonesia,Buttons,Female,5
984,Odo,Simm,Poland,Chips - Doritos,Male,5
985,Paulo,Arnoll,Brazil,Juice - Lemon,Male,5
986,Armando,Stonhard,China,Whmis - Spray Bottle Trigger,Male,5
987,Tull,Dalziell,Brazil,Muffin - Mix - Strawberry Rhubarb,Male,5
988,Clarine,Wibrew,France,"Mop Head - Cotton, 24 Oz",Female,5
989,Kingston,Servant,Madagascar,"Bread - Multigrain, Loaf",Male,5
990,Herculie,Godden,France,Icecream - Dstk Cml And Fdg,Male,5
991,Larisa,Scoyne,Indonesia,Wine - Piper Heidsieck Brut,Female,5
992,Merola,Cashen,Russia,Shrimp - 100 / 200 Cold Water,Female,5
993,Susanne,Lasham,Denmark,Muffin Batt - Choc Chk,Female,5
994,Linda,Nulty,France,"Wine - Harrow Estates, Vidal",Female,5
995,Lyndell,Boodell,Indonesia,Grouper - Fresh,Female,5
996,Frankie,Habble,Ukraine,Beef - Eye Of Round,Female,5
997,Shelbi,Carson,China,Egg Patty Fried,Bigender,5
998,Kristel,Parriss,Germany,"Pasta - Shells, Medium, Dry",Female,5
999,Jada,Sprakes,China,Rice - Wild,Female,5
1000,Olin,Itchingham,Greece,Vector Energy Bar,Male,5
